id,booking_id,change_type,old_value,new_value,changed_by,reason,created_at
2b0c4b11-06b4-487f-b222-11207bb7628c,5fe1635b-4a94-42b1-82ae-9f473bc3837e,created,{},"{""status"":""confirmed""}",b20dc445-8a42-4694-a7e0-c7df549138cc,,2026-01-26 08:00:00
8f6a6305-145f-4e10-973c-373355282969,a2423409-d5cc-469c-89e7-532a1db37fef,created,{},"{""status"":""completed""}",c062bd5e-32fa-49b5-9c96-20c00f7c0099,,2026-02-01 07:00:00
8b90c038-7107-4f3b-850c-c238541fdea8,fdbc427b-e342-4e76-96c6-5e71e17970bb,created,{},"{""status"":""completed""}",85c52e93-6b90-4941-a3d0-edce1649da44,,2025-12-08 03:00:00
a06ade5f-c9d8-4ff9-b42f-10236f9d80e1,d2116852-768f-4d03-afea-b725f1074e4f,created,{},"{""status"":""cancelled""}",3a25ace4-27dc-4619-81e8-0ba15086b640,,2026-02-28 08:00:00
e6efeb68-ae42-4fe3-8247-03c419d616c5,d2116852-768f-4d03-afea-b725f1074e4f,cancelled,"{""status"":""confirmed""}","{""status"":""cancelled""}",3a25ace4-27dc-4619-81e8-0ba15086b640,Customer request,2026-03-01 08:00:00
b1b8ffd7-fe63-488b-82a2-ddf83b41c89d,2c5ef2f4-19a1-4d32-b3b2-204b8ee11ff4,created,{},"{""status"":""confirmed""}",2e4ec524-24dd-476e-b734-58cebd653129,,2025-12-19 07:00:00
fab17c84-dda4-414e-b218-3e55044ea957,adec471a-7f53-40b0-8961-9ec1a58e3d82,created,{},"{""status"":""completed""}",52efba3d-138f-4b14-b601-2b6af84884d7,,2026-02-26 00:00:00
59a4a804-2903-44b6-9f86-a80bfa4eb005,e1061b09-d764-4bb1-93e4-8121bd7d81fa,created,{},"{""status"":""completed""}",0daa0cab-5d9e-4dd3-bcd0-512490ea5fa8,,2026-02-13 11:00:00
75f7a8b4-27e7-4d1f-b441-867786d4e6d4,c98bb858-cd8d-4e21-96ba-9d7a52149831,created,{},"{""status"":""completed""}",9ede05ba-e8ba-4e1c-a763-6eb938674bd4,,2026-01-22 03:00:00
592acb9e-cee3-4d98-8519-42a2330ed8b4,511c0791-4dc5-4236-a5cb-ed4d071be367,created,{},"{""status"":""pending""}",416d945c-161e-4330-9fea-ae2888ca2120,,2025-12-13 05:00:00
e6ad350c-bde4-4862-b6d0-5bd4b4964892,b196e35a-1782-46cc-99c0-319c7685bebd,created,{},"{""status"":""pending""}",5550badf-faab-4cff-9298-d12201b7e2f1,,2026-01-28 02:00:00
d88b8486-1e2c-46d0-bcda-4e4628e4d689,45de786e-0f1f-44d0-8245-83a1211ed5b4,created,{},"{""status"":""confirmed""}",52efba3d-138f-4b14-b601-2b6af84884d7,,2026-01-25 10:00:00
6edb961a-8471-4efd-ad7b-86ec60c21eb0,fd981170-3dc9-4f5a-aa86-9453b380f28c,created,{},"{""status"":""completed""}",52efba3d-138f-4b14-b601-2b6af84884d7,,2026-02-06 11:00:00
4e501a15-2046-45fe-b7ea-1ec4e288a83c,66093ebd-b383-4a9f-9369-3f3dcefe04fd,created,{},"{""status"":""confirmed""}",f81b5321-6858-4d52-a4ee-660efcf5ec36,,2025-12-14 11:00:00
49037252-57d6-4b09-a282-271bb311bb8e,a1bb2698-20e2-495d-ad97-57a4b65dbe41,created,{},"{""status"":""cancelled""}",52efba3d-138f-4b14-b601-2b6af84884d7,,2026-01-01 04:00:00
e164e942-30ec-4cb1-897d-4e39dee7c8a9,a1bb2698-20e2-495d-ad97-57a4b65dbe41,cancelled,"{""status"":""confirmed""}","{""status"":""cancelled""}",52efba3d-138f-4b14-b601-2b6af84884d7,Customer request,2026-01-02 04:00:00
7be813c6-653f-4502-b138-85d07ceb81a6,eeb2dd73-44d5-44eb-96b1-2cdfb74764d1,created,{},"{""status"":""pending""}",6ef9785c-5af9-478a-98ec-a58ef9b6125c,,2026-01-28 04:00:00
15be2f19-e95d-4cea-9c96-7d60bfcb5a6e,b366e113-54c0-47ce-acb1-acbf8c24db7b,created,{},"{""status"":""pending""}",38c3b73d-5884-4005-9e41-0acc635fefe1,,2025-12-23 07:00:00
c399ddbd-de28-422a-b2ae-0d33c8891735,dad49571-52ec-41fd-a667-9dbd5b40e1e5,created,{},"{""status"":""pending""}",7b6069ec-5dad-4166-8a29-6d773bffd2cb,,2026-02-19 08:00:00
35810727-3d15-4248-b2a1-3660e93f3f37,ca30f01a-acb8-457e-ae70-8855503067e9,created,{},"{""status"":""confirmed""}",d77da917-ae22-454f-92b4-02df880eeace,,2025-12-21 01:00:00
95dd0c46-d2c7-40fd-b84d-b90b22cf3509,62f36199-3ed8-4eba-b5d9-9ec597232c05,created,{},"{""status"":""pending""}",1dcaab2a-d207-4cac-9a0f-392124a90fb9,,2026-01-28 08:00:00
fe737a1d-efdb-4eae-859f-608dfadf0828,0c47ac08-9607-4bd9-8bb8-e9bd28a16cc1,created,{},"{""status"":""completed""}",85c52e93-6b90-4941-a3d0-edce1649da44,,2025-12-26 09:00:00
6dd4e140-5efa-4835-98b9-64e1609c83fc,55617bec-e09a-41c4-b6e8-6b09f8516885,created,{},"{""status"":""completed""}",a8cab4a1-9b6b-410f-9bb1-be8655fd0e90,,2026-01-31 07:00:00
cfa97ba0-7803-4d63-88b0-48d3881ba039,1a38f561-2a6c-4828-b6d7-903f3d0d8d49,created,{},"{""status"":""completed""}",9ede05ba-e8ba-4e1c-a763-6eb938674bd4,,2025-12-17 04:00:00
29e16142-2979-47f7-a701-df987d2e2603,aae6666a-77f5-42db-b5ac-8108adc638c9,created,{},"{""status"":""completed""}",e28da5bd-b8e1-4b86-9961-176a81349070,,2026-02-24 07:00:00
18c4f06a-d2dd-4d3c-bf35-6a0485112d6b,760aa813-331b-4dc1-a3bb-ecdec6d079ea,created,{},"{""status"":""cancelled""}",4f8c0906-f410-4b29-9485-a5a2d0c48fcc,,2026-02-10 04:00:00
da2a6630-2431-4793-b3ea-f639ab539500,760aa813-331b-4dc1-a3bb-ecdec6d079ea,cancelled,"{""status"":""confirmed""}","{""status"":""cancelled""}",4f8c0906-f410-4b29-9485-a5a2d0c48fcc,Customer request,2026-02-11 04:00:00
a2097302-cada-45c4-8cc4-96214e9ac475,cdfc0717-83d8-4ffe-9328-156ce42e9a1c,created,{},"{""status"":""cancelled""}",85611826-d88a-4abf-8a9f-807d603e3342,,2025-12-27 06:00:00
f02b3978-b66e-4fa9-96e1-f21441edb07a,cdfc0717-83d8-4ffe-9328-156ce42e9a1c,cancelled,"{""status"":""confirmed""}","{""status"":""cancelled""}",85611826-d88a-4abf-8a9f-807d603e3342,Customer request,2025-12-28 06:00:00
df2cc0ce-42ad-4548-b36a-0d723edbfd17,b75e0bd1-df74-4732-89d5-8547fa9c7450,created,{},"{""status"":""confirmed""}",275eb69c-8a74-4e48-b65f-c9cb96079958,,2026-02-02 08:00:00
3f6e43ff-7686-4091-9582-f33f78901af2,13a5c01e-d87c-4405-97ee-bc31aff019dc,created,{},"{""status"":""confirmed""}",52efba3d-138f-4b14-b601-2b6af84884d7,,2026-01-06 02:00:00
e8adca24-675c-43d3-9436-cc5664ecb381,ef56e824-f925-4bbb-8d7e-ba30db6a5b07,created,{},"{""status"":""confirmed""}",e28da5bd-b8e1-4b86-9961-176a81349070,,2026-02-20 00:00:00
61534dd2-2df6-40f6-af49-3e11f04111f5,3ce095f8-186e-4bfc-a26b-636c6eb157ba,created,{},"{""status"":""pending""}",5550badf-faab-4cff-9298-d12201b7e2f1,,2026-01-22 03:00:00
d3099c7d-c679-4aa1-9c8f-fa0bf76855cd,1c9bbd29-8819-40ba-8766-bc06897ead7e,created,{},"{""status"":""cancelled""}",38c3b73d-5884-4005-9e41-0acc635fefe1,,2025-12-09 00:00:00
fd9ad63f-d70e-476a-ae89-90146b117b5a,1c9bbd29-8819-40ba-8766-bc06897ead7e,cancelled,"{""status"":""confirmed""}","{""status"":""cancelled""}",38c3b73d-5884-4005-9e41-0acc635fefe1,Customer request,2025-12-10 00:00:00
2e0d168d-ca46-428f-8da5-b1c7667cd175,dd1a5ba5-1ded-42f9-af44-856fbe3acf26,created,{},"{""status"":""confirmed""}",7eaadfbb-542e-4d51-9a89-0c83b6938040,,2026-02-23 07:00:00
c9a40f15-44f9-46e4-8935-a7441322f676,2851a56f-de6c-4286-885c-26c7f032fc13,created,{},"{""status"":""cancelled""}",0daa0cab-5d9e-4dd3-bcd0-512490ea5fa8,,2026-02-25 05:00:00
fd92c8ac-1465-44f2-8d04-0495bba13f5f,2851a56f-de6c-4286-885c-26c7f032fc13,cancelled,"{""status"":""confirmed""}","{""status"":""cancelled""}",0daa0cab-5d9e-4dd3-bcd0-512490ea5fa8,Customer request,2026-02-26 05:00:00
2f90d595-ac7f-47f2-9bc5-e64cb59d5b61,70c2df92-3c79-4462-96ea-054b43a3cde1,created,{},"{""status"":""completed""}",124b8f6b-50bf-4b34-ae21-77650e54e7f4,,2026-01-31 08:00:00
f05be688-13e1-488a-a7ff-70bf9f8cbc58,9aa98181-b548-4836-9e69-cfc4d002b49b,created,{},"{""status"":""cancelled""}",235316ca-fcdd-4bd5-950f-d33a1f6c303c,,2026-02-02 02:00:00
fe56c5fb-3ee3-43c9-b4e6-b4b5dcab5d19,9aa98181-b548-4836-9e69-cfc4d002b49b,cancelled,"{""status"":""confirmed""}","{""status"":""cancelled""}",235316ca-fcdd-4bd5-950f-d33a1f6c303c,Customer request,2026-02-03 02:00:00
e567f2f6-4b6f-42fd-bc1a-0583d53c125c,adfac5d7-7e8e-46da-9fa7-be742cca316b,created,{},"{""status"":""confirmed""}",b20dc445-8a42-4694-a7e0-c7df549138cc,,2025-12-06 02:00:00
5a76f1f2-bfdd-4287-a5e5-702e5df5c5a8,355e4019-25e6-4d61-b86c-b66ac974d380,created,{},"{""status"":""cancelled""}",85c52e93-6b90-4941-a3d0-edce1649da44,,2025-12-23 08:00:00
84a4395d-c569-458f-85c9-cd4ffc8ca04c,355e4019-25e6-4d61-b86c-b66ac974d380,cancelled,"{""status"":""confirmed""}","{""status"":""cancelled""}",85c52e93-6b90-4941-a3d0-edce1649da44,Customer request,2025-12-24 08:00:00
6ce371a7-7e77-4047-bcba-397ad884a295,80794982-1ea6-4427-b211-8e5cf94e78ec,created,{},"{""status"":""confirmed""}",235316ca-fcdd-4bd5-950f-d33a1f6c303c,,2026-02-17 09:00:00
ce6c9549-e343-4359-8743-601063fbd18a,1a022f26-baca-4393-bfe7-4ad67d7937a0,created,{},"{""status"":""confirmed""}",416d945c-161e-4330-9fea-ae2888ca2120,,2026-02-06 05:00:00
f5c43b88-55b4-4590-8a83-de8a96d2513e,eb49eb3a-bfbc-4544-9bf7-de02324a17cd,created,{},"{""status"":""confirmed""}",2312613b-91cc-4f99-95dd-dda6820a8e5a,,2026-02-06 00:00:00
8dc896c8-0526-475a-bc59-bc42d9b2b76c,ea44754e-2b4f-4835-987e-0e33a3bebf79,created,{},"{""status"":""completed""}",73c14063-593f-4f70-bc89-91226848617a,,2026-02-26 10:00:00
3b9d3f3e-397d-4c56-b7cb-70b318553e8a,ce0de9dc-4b9a-4f56-8a18-832627681850,created,{},"{""status"":""pending""}",e0fff3da-3342-45cb-9fd4-395ac251b90b,,2026-02-07 00:00:00
81e924a0-9c42-4f4b-9d99-e780343cf51d,728fdd8f-f82d-4106-8f78-72b522fcedbf,created,{},"{""status"":""confirmed""}",52efba3d-138f-4b14-b601-2b6af84884d7,,2026-02-06 10:00:00
bad12e8e-dc19-4e2f-9436-dbd00edae227,a80eaa3b-948f-401a-9807-9b711500f068,created,{},"{""status"":""confirmed""}",98e36069-876d-46e3-8430-63300e5e3fd8,,2025-12-29 06:00:00
194f45df-4a43-44d2-b66e-97d9beab5f52,ce6d0339-80ab-4c5e-999d-46b6c97a9a00,created,{},"{""status"":""confirmed""}",c062bd5e-32fa-49b5-9c96-20c00f7c0099,,2026-01-16 06:00:00
deff55d4-99d8-43a6-90e2-cbdbf5f0a353,0def09e9-b8a9-49d5-a5cc-1bebaeac6993,created,{},"{""status"":""pending""}",1479df99-4ca4-4073-8292-9eee9298a5f6,,2025-12-20 03:00:00
ce0dd9a5-b169-47f8-a5e6-5e1edf8efb1c,842f95f4-d60c-4f6f-af2c-c2043dbf794a,created,{},"{""status"":""confirmed""}",487d7d66-1fed-41f3-aba1-0d3f281c6fc5,,2025-12-06 09:00:00
89e531f6-af43-4ca9-977b-e6a53e2d91c1,87ad539a-f029-4a9f-904f-6554cb89dd3d,created,{},"{""status"":""completed""}",275eb69c-8a74-4e48-b65f-c9cb96079958,,2025-12-12 09:00:00
7d21f8e5-57a8-4517-b1cf-667ac1da3736,5daa7895-2e3c-4e6e-bb98-1462227db8f1,created,{},"{""status"":""confirmed""}",6ef9785c-5af9-478a-98ec-a58ef9b6125c,,2026-01-07 10:00:00
be553eb3-6477-44be-82b8-8de26b93022f,53d6b4e9-0ef3-482c-b3ca-7ae36f7fc068,created,{},"{""status"":""pending""}",d77da917-ae22-454f-92b4-02df880eeace,,2026-01-13 00:00:00
9d0df233-bbfc-419c-a7d1-789622d1815d,6986f2dd-12a0-4be2-ae4d-4977d96943b4,created,{},"{""status"":""confirmed""}",e0fff3da-3342-45cb-9fd4-395ac251b90b,,2026-01-27 04:00:00
82b8a7e7-02bc-4102-b234-a11d486c2cdd,9284a181-2204-4db4-bdf6-98fe6eadbc2b,created,{},"{""status"":""completed""}",5550badf-faab-4cff-9298-d12201b7e2f1,,2026-01-13 00:00:00
10bbea3d-1d5d-4d56-9c56-f2e582b6c96e,fa13ef72-e480-4a09-ba83-c771d396557c,created,{},"{""status"":""completed""}",4f8c0906-f410-4b29-9485-a5a2d0c48fcc,,2026-02-06 08:00:00
bbfbf5c2-5ee8-4e5d-9d67-c608e63499a6,61c165cb-7f66-4047-beab-94ea07746588,created,{},"{""status"":""cancelled""}",e0fff3da-3342-45cb-9fd4-395ac251b90b,,2025-12-26 09:00:00
5365ac15-6bf4-457f-b490-0a5f6ceba9fe,61c165cb-7f66-4047-beab-94ea07746588,cancelled,"{""status"":""confirmed""}","{""status"":""cancelled""}",e0fff3da-3342-45cb-9fd4-395ac251b90b,Customer request,2025-12-27 09:00:00
71646010-1257-4cb5-bc4a-144840cdf25b,6cde1986-58f5-4e45-b60d-26688f706f06,created,{},"{""status"":""pending""}",c1c66332-ddd1-45a8-b977-3e5659f67301,,2026-02-23 07:00:00
a6f4b7b7-6dcb-4fa0-920c-38b8f1681676,17607987-2d09-4e23-98a0-31c90a87b31a,created,{},"{""status"":""confirmed""}",7b6069ec-5dad-4166-8a29-6d773bffd2cb,,2026-02-25 04:00:00
18f6a5c3-98ec-4ddf-b6a5-dbecb7b24a4a,4f0d2e15-6521-4e0f-a287-8c61d282f5f5,created,{},"{""status"":""pending""}",551b8471-c83b-43bc-a31e-1138813257e1,,2025-12-06 01:00:00
7e4faaa4-29e2-4168-aabc-65b63ac5f03f,26746a4b-66d1-48ca-9cc8-40a8238f944c,created,{},"{""status"":""completed""}",3a25ace4-27dc-4619-81e8-0ba15086b640,,2026-03-01 03:00:00
c4bb0630-a3c1-4d7d-a569-2545a42fb675,7b93ec9c-d58a-4179-a742-eee2abad3f79,created,{},"{""status"":""pending""}",d8ea589b-93d6-4631-aff6-5770dae08f29,,2026-02-23 10:00:00
eceddc29-0df1-45dc-af1d-c6bfa4efccc2,03944b9d-07cf-4e76-93c3-c30ea05f9019,created,{},"{""status"":""completed""}",d5f3704a-8387-41d1-a150-eeffc52d5a45,,2026-01-24 07:00:00
d3db1371-cea7-4dc5-82ed-277138c9d77b,5b84b705-b54e-44a8-ae4f-2785ef23f484,created,{},"{""status"":""cancelled""}",3a25ace4-27dc-4619-81e8-0ba15086b640,,2026-01-28 09:00:00
042dfffa-8c8b-431e-b436-9088e89d4b44,5b84b705-b54e-44a8-ae4f-2785ef23f484,cancelled,"{""status"":""confirmed""}","{""status"":""cancelled""}",3a25ace4-27dc-4619-81e8-0ba15086b640,Customer request,2026-01-29 09:00:00
f6eaa90a-fc3c-4c4d-b779-5a06cad1e81f,9a2e9210-3005-4b77-856e-aa619f33708d,created,{},"{""status"":""confirmed""}",d6aae71b-665f-459c-b95c-316749044881,,2026-01-06 09:00:00
7ae995a9-c09c-4b35-af17-177571179cc6,a3cda635-c167-489c-aba1-ef06b982f227,created,{},"{""status"":""cancelled""}",f81b5321-6858-4d52-a4ee-660efcf5ec36,,2026-02-21 03:00:00
4c016f20-bf27-4bb2-85f0-85a60ad99fa7,a3cda635-c167-489c-aba1-ef06b982f227,cancelled,"{""status"":""confirmed""}","{""status"":""cancelled""}",f81b5321-6858-4d52-a4ee-660efcf5ec36,Customer request,2026-02-22 03:00:00
31d48025-c554-4344-88da-903ee65a4cf3,18e0d9ad-0ada-4726-97ca-a4e38b0052d9,created,{},"{""status"":""cancelled""}",38c3b73d-5884-4005-9e41-0acc635fefe1,,2025-12-12 05:00:00
96983cbf-1c77-44b2-ada6-3cd1ff71e66d,18e0d9ad-0ada-4726-97ca-a4e38b0052d9,cancelled,"{""status"":""confirmed""}","{""status"":""cancelled""}",38c3b73d-5884-4005-9e41-0acc635fefe1,Customer request,2025-12-13 05:00:00
9b59317e-4385-4094-8709-67b0147d833b,516a9a24-c0f7-48a8-a318-b71841635670,created,{},"{""status"":""confirmed""}",38c3b73d-5884-4005-9e41-0acc635fefe1,,2026-01-01 02:00:00
74959d96-bba8-4aae-8ab4-35df65f94682,b44f8f35-f602-4a0f-a206-018f698cd611,created,{},"{""status"":""confirmed""}",85c52e93-6b90-4941-a3d0-edce1649da44,,2026-01-12 00:00:00
934f17ab-8cde-490d-bea3-be6611c2fdc4,fa8d3e38-ce55-4d13-ab77-d9ccc8035de8,created,{},"{""status"":""cancelled""}",bc6bd127-3308-476a-80ed-112502e08028,,2025-12-18 05:00:00
723d0649-44d5-481f-a9b3-d918d88c32bf,fa8d3e38-ce55-4d13-ab77-d9ccc8035de8,cancelled,"{""status"":""confirmed""}","{""status"":""cancelled""}",bc6bd127-3308-476a-80ed-112502e08028,Customer request,2025-12-19 05:00:00
609c875f-444f-4e44-9c9d-ff9b5218a7b0,a2c4c3ff-e181-4d6c-94bb-f74ab41b91fb,created,{},"{""status"":""confirmed""}",275eb69c-8a74-4e48-b65f-c9cb96079958,,2025-12-17 10:00:00
839cb88f-03d6-4370-8e85-9b26392714ae,3354e965-a56f-4bef-a63e-7c63c7f7742c,created,{},"{""status"":""cancelled""}",9ede05ba-e8ba-4e1c-a763-6eb938674bd4,,2025-12-12 10:00:00
f435a1e4-68ee-4cd8-9b55-3e8a722737eb,3354e965-a56f-4bef-a63e-7c63c7f7742c,cancelled,"{""status"":""confirmed""}","{""status"":""cancelled""}",9ede05ba-e8ba-4e1c-a763-6eb938674bd4,Customer request,2025-12-13 10:00:00
476a668f-eb23-4b25-be75-7006e1fe5ae6,618e72e5-838c-4492-ad66-eacd9eb3a2fd,created,{},"{""status"":""confirmed""}",cd1f2aec-d0f8-4abb-b475-fe67cbd6d222,,2025-12-10 01:00:00
ca30660c-3813-41d8-bdff-b534bcba4842,d3ee6682-dc07-42d9-b7e8-cd9138b23433,created,{},"{""status"":""completed""}",52efba3d-138f-4b14-b601-2b6af84884d7,,2025-12-25 05:00:00
c12bdc4d-8f8f-44ba-9d2a-8ba8902628a6,ece24447-befe-4ffa-b936-1abd5b1f1b0a,created,{},"{""status"":""completed""}",8603fcc5-9585-4977-9eb7-11aefeddd7f8,,2025-12-09 08:00:00
c575a7aa-018b-421f-b578-7646b62f95fa,1fdc6ddc-aadf-4274-a796-194d7c56b2a9,created,{},"{""status"":""cancelled""}",27d56a5c-fb1a-492f-9d4a-8d294aa77209,,2026-02-03 00:00:00
287991ed-cf88-4926-b32b-37d2a8932aa2,1fdc6ddc-aadf-4274-a796-194d7c56b2a9,cancelled,"{""status"":""confirmed""}","{""status"":""cancelled""}",27d56a5c-fb1a-492f-9d4a-8d294aa77209,Customer request,2026-02-04 00:00:00
597d3c88-8ac5-4059-9751-c03e0d52e334,d72e2e8d-96b5-4b1e-b1c1-ac9cffc3424b,created,{},"{""status"":""cancelled""}",7b6069ec-5dad-4166-8a29-6d773bffd2cb,,2026-02-19 01:00:00
584b6874-ee1c-47ec-b460-fc7973b78851,d72e2e8d-96b5-4b1e-b1c1-ac9cffc3424b,cancelled,"{""status"":""confirmed""}","{""status"":""cancelled""}",7b6069ec-5dad-4166-8a29-6d773bffd2cb,Customer request,2026-02-20 01:00:00
263df3a4-432a-4587-a413-a3b06d6b2e76,5743fb33-0be8-4a7b-911b-059d5bb16d69,created,{},"{""status"":""pending""}",7d574358-e456-4bc0-bd6e-737a4e660a59,,2025-12-08 08:00:00
98085344-4ca7-40cc-b934-74c559edc431,c48ac08f-f527-45b0-b5ee-473231967827,created,{},"{""status"":""cancelled""}",85611826-d88a-4abf-8a9f-807d603e3342,,2025-12-06 03:00:00
2656279a-184f-4829-a93e-dd2182724d63,c48ac08f-f527-45b0-b5ee-473231967827,cancelled,"{""status"":""confirmed""}","{""status"":""cancelled""}",85611826-d88a-4abf-8a9f-807d603e3342,Customer request,2025-12-07 03:00:00
6fd99282-3013-4b86-8932-d9ef58a79418,2dd38335-68c6-455a-9521-2a6b30f53765,created,{},"{""status"":""confirmed""}",d5f3704a-8387-41d1-a150-eeffc52d5a45,,2025-12-25 04:00:00
1d046a5f-fb05-42d0-9bfe-b2cc4435d86d,0d364df0-fc0e-42f6-99b3-2e112a071649,created,{},"{""status"":""cancelled""}",b20dc445-8a42-4694-a7e0-c7df549138cc,,2026-02-23 10:00:00
270d6988-cf46-4af1-b19b-5af01ab24b95,0d364df0-fc0e-42f6-99b3-2e112a071649,cancelled,"{""status"":""confirmed""}","{""status"":""cancelled""}",b20dc445-8a42-4694-a7e0-c7df549138cc,Customer request,2026-02-24 10:00:00
920c7e0c-9091-41fb-bb96-c02d5e55d362,1e27ad3f-1c98-4b07-85e6-7bfffad686fc,created,{},"{""status"":""cancelled""}",416d945c-161e-4330-9fea-ae2888ca2120,,2026-01-20 07:00:00
5c190dfb-e226-446e-9a4a-5fbac4b6df1f,1e27ad3f-1c98-4b07-85e6-7bfffad686fc,cancelled,"{""status"":""confirmed""}","{""status"":""cancelled""}",416d945c-161e-4330-9fea-ae2888ca2120,Customer request,2026-01-21 07:00:00
3dcb5ec9-5614-4de4-ba9b-1734ebbb9a78,ceb9e84c-ad3f-4c20-8340-1b9ae061510c,created,{},"{""status"":""pending""}",73c14063-593f-4f70-bc89-91226848617a,,2026-02-26 03:00:00
d72faad3-3350-49e5-b8ec-bd6a9f568308,cca252bf-a464-4f23-800f-89093bd3b016,created,{},"{""status"":""cancelled""}",bc6bd127-3308-476a-80ed-112502e08028,,2026-01-03 09:00:00
847359c4-24fb-4453-a5cb-669e982e7f32,cca252bf-a464-4f23-800f-89093bd3b016,cancelled,"{""status"":""confirmed""}","{""status"":""cancelled""}",bc6bd127-3308-476a-80ed-112502e08028,Customer request,2026-01-04 09:00:00
921f122e-e17a-4f35-ba0e-2a2fa776d88e,a603b76a-a858-490e-aa26-c25f230decb1,created,{},"{""status"":""pending""}",5550badf-faab-4cff-9298-d12201b7e2f1,,2025-12-12 09:00:00
8f2463fe-b750-4346-a143-fdadf67c172f,13d9f397-1906-4e76-9da3-e01b2422a8df,created,{},"{""status"":""confirmed""}",275eb69c-8a74-4e48-b65f-c9cb96079958,,2026-03-02 07:00:00
82122b59-b59d-40fd-86e5-bb5c775241ff,5502d22d-5906-46d4-ad2b-43a608fa5f3a,created,{},"{""status"":""completed""}",9ede05ba-e8ba-4e1c-a763-6eb938674bd4,,2026-02-12 11:00:00
3aece337-e5ae-4032-ad4f-155661730b45,fba8936a-48ad-4d7d-a54d-d46dcd61c0f4,created,{},"{""status"":""completed""}",275eb69c-8a74-4e48-b65f-c9cb96079958,,2026-02-03 06:00:00
8b36d122-43f8-4d89-bf22-b95bd1096bc8,56020190-3048-4c34-aedd-17d15d8b5444,created,{},"{""status"":""confirmed""}",3a25ace4-27dc-4619-81e8-0ba15086b640,,2026-02-18 07:00:00
53b8bb40-4bc4-4562-a676-7b81179dc725,6da15f92-da00-484e-ab19-18424a34d8d0,created,{},"{""status"":""completed""}",ebef547f-47ba-4714-9089-09d0de16512d,,2025-12-19 06:00:00
3aef5f9b-6ebc-4eca-a9ef-62ebf382771a,fe2a9f40-789f-4300-8e18-bb94f16acdba,created,{},"{""status"":""cancelled""}",85611826-d88a-4abf-8a9f-807d603e3342,,2026-02-08 10:00:00
f4d63d91-a98e-44a4-9519-2200b9da8399,fe2a9f40-789f-4300-8e18-bb94f16acdba,cancelled,"{""status"":""confirmed""}","{""status"":""cancelled""}",85611826-d88a-4abf-8a9f-807d603e3342,Customer request,2026-02-09 10:00:00
a5cfa8e5-1bb7-4dcc-a53e-bad95a9c344e,6928b838-9899-4022-8e40-fb6c9ee4172f,created,{},"{""status"":""completed""}",1dcaab2a-d207-4cac-9a0f-392124a90fb9,,2026-02-04 11:00:00
fa13ad9f-0fe1-45e3-8668-808a650e5196,0d6be374-b3dc-41fa-aee3-c2c53f315d98,created,{},"{""status"":""cancelled""}",7d574358-e456-4bc0-bd6e-737a4e660a59,,2026-01-04 04:00:00
67786edb-b519-45a9-a3cf-7817214ee948,0d6be374-b3dc-41fa-aee3-c2c53f315d98,cancelled,"{""status"":""confirmed""}","{""status"":""cancelled""}",7d574358-e456-4bc0-bd6e-737a4e660a59,Customer request,2026-01-05 04:00:00
f719f6ed-1460-4ea7-ae0a-8b18e56acd75,9f9a95f9-972d-49cb-8d8a-4dcdfea65e43,created,{},"{""status"":""pending""}",124b8f6b-50bf-4b34-ae21-77650e54e7f4,,2025-12-24 00:00:00
198f798c-473c-4646-8bee-85c1e487d315,3d1ceb9b-b582-4875-8723-494735969e4e,created,{},"{""status"":""completed""}",7d574358-e456-4bc0-bd6e-737a4e660a59,,2025-12-10 10:00:00
8265f8a2-7a3e-4864-8b91-bd459e45bc68,ad4141ce-cdd2-4324-91b0-0fadd5b49228,created,{},"{""status"":""pending""}",1479df99-4ca4-4073-8292-9eee9298a5f6,,2026-02-17 08:00:00
257f4618-bf94-462f-b37d-1b9a0616fde7,5b3663c1-92a4-453a-8a45-7fc6a362ab35,created,{},"{""status"":""pending""}",c062bd5e-32fa-49b5-9c96-20c00f7c0099,,2026-02-26 05:00:00
bd589832-9f48-430d-8e17-81c59748bd87,afbaa1cc-1fe1-485d-a0bd-591625d13a46,created,{},"{""status"":""completed""}",7b6069ec-5dad-4166-8a29-6d773bffd2cb,,2026-02-03 11:00:00
4fd24c88-04b4-493a-b5e3-2d1c44922259,0020b783-b0d5-4afa-933a-447ebb87df2a,created,{},"{""status"":""confirmed""}",cd1f2aec-d0f8-4abb-b475-fe67cbd6d222,,2026-02-22 07:00:00
c01830fa-abea-4a03-9c18-3aedc8b9585c,df6f5c3c-915b-4a2e-99b7-43595a04ab7b,created,{},"{""status"":""cancelled""}",38c3b73d-5884-4005-9e41-0acc635fefe1,,2026-01-03 11:00:00
65eee445-2cad-456d-8cf2-3063a51dc686,df6f5c3c-915b-4a2e-99b7-43595a04ab7b,cancelled,"{""status"":""confirmed""}","{""status"":""cancelled""}",38c3b73d-5884-4005-9e41-0acc635fefe1,Customer request,2026-01-04 11:00:00
186cf6af-3783-458e-b67c-e1e2341fd5e1,9a6d94c7-9d9d-4b03-8902-362e21cad7ef,created,{},"{""status"":""pending""}",275eb69c-8a74-4e48-b65f-c9cb96079958,,2025-12-04 11:00:00
dbab7802-88d6-43c8-958a-637f29543107,f7350a8e-332d-476d-af02-527d2c40bc27,created,{},"{""status"":""pending""}",3a25ace4-27dc-4619-81e8-0ba15086b640,,2026-01-07 03:00:00
52984d14-c1fa-4a7b-a490-1096a3dce57e,72c56383-0736-49ee-affa-d5c239bf6722,created,{},"{""status"":""pending""}",1479df99-4ca4-4073-8292-9eee9298a5f6,,2026-01-14 07:00:00
2294b7bd-8d66-480b-a17a-490fd28403ea,cbf201da-4dbe-4e7b-8abe-f8e908bb277a,created,{},"{""status"":""cancelled""}",1479df99-4ca4-4073-8292-9eee9298a5f6,,2026-01-20 08:00:00
ab2b3b23-8929-47fb-aceb-d9d64581d1e5,cbf201da-4dbe-4e7b-8abe-f8e908bb277a,cancelled,"{""status"":""confirmed""}","{""status"":""cancelled""}",1479df99-4ca4-4073-8292-9eee9298a5f6,Customer request,2026-01-21 08:00:00
902abefd-14b7-4418-a9dd-06d6d20a796b,35ef6c0c-e76e-47c5-81dc-5dd951feabf5,created,{},"{""status"":""cancelled""}",f81b5321-6858-4d52-a4ee-660efcf5ec36,,2025-12-04 00:00:00
bdf69a71-41aa-4382-bd5b-f009f459c00f,35ef6c0c-e76e-47c5-81dc-5dd951feabf5,cancelled,"{""status"":""confirmed""}","{""status"":""cancelled""}",f81b5321-6858-4d52-a4ee-660efcf5ec36,Customer request,2025-12-05 00:00:00
66a3a24a-dce6-4b7e-a806-81281c128996,cbcf0398-af02-421b-8533-674c791e3274,created,{},"{""status"":""pending""}",7d574358-e456-4bc0-bd6e-737a4e660a59,,2025-12-20 03:00:00
775ce2ac-8a34-42d2-a450-056a52dc01e2,f16d0703-bd23-43a4-ba32-4153f4c7dfcd,created,{},"{""status"":""cancelled""}",27d56a5c-fb1a-492f-9d4a-8d294aa77209,,2026-02-05 11:00:00
21f7c5de-ace2-40bc-81a6-dc7fe7633062,f16d0703-bd23-43a4-ba32-4153f4c7dfcd,cancelled,"{""status"":""confirmed""}","{""status"":""cancelled""}",27d56a5c-fb1a-492f-9d4a-8d294aa77209,Customer request,2026-02-06 11:00:00
d0de799d-291b-4ae5-9b8b-6244b1741d23,033e16bb-5b54-4469-90c1-2e35702ec0d2,created,{},"{""status"":""completed""}",d5f3704a-8387-41d1-a150-eeffc52d5a45,,2026-01-19 06:00:00
a3c03186-c720-4d61-b6fa-8d50d8bea7e7,bd8926b5-4b2d-4dc8-aa1e-0273b4a4c418,created,{},"{""status"":""completed""}",487d7d66-1fed-41f3-aba1-0d3f281c6fc5,,2026-02-16 10:00:00
98c25697-68b4-4e70-a288-e8b3b794a120,279f1d0d-24ce-41e9-bf74-17049c0c2309,created,{},"{""status"":""completed""}",8603fcc5-9585-4977-9eb7-11aefeddd7f8,,2026-01-29 06:00:00
3063e05f-2443-4ce6-a909-9fc78938a078,c886870a-0d96-44a9-bb10-e3038e033e29,created,{},"{""status"":""cancelled""}",ff932d57-d80e-47b8-8890-1bc4be34f16f,,2026-01-02 10:00:00
aa070308-23e0-41ed-a7b6-af28fae94be3,c886870a-0d96-44a9-bb10-e3038e033e29,cancelled,"{""status"":""confirmed""}","{""status"":""cancelled""}",ff932d57-d80e-47b8-8890-1bc4be34f16f,Customer request,2026-01-03 10:00:00
a9660214-2057-4363-89f2-70d9e86b2768,c53e268f-3817-47e4-8c9e-987e3737f795,created,{},"{""status"":""completed""}",2312613b-91cc-4f99-95dd-dda6820a8e5a,,2026-02-10 05:00:00
61a3c317-d908-4442-ad67-b52120b672f1,240213c0-e928-43a6-867d-f9243719d1d8,created,{},"{""status"":""pending""}",85611826-d88a-4abf-8a9f-807d603e3342,,2026-01-04 03:00:00
64ee4055-e8bd-43bc-b630-c0e8482038b4,873da3bb-2fc7-42d2-a94f-7894408b0c2f,created,{},"{""status"":""confirmed""}",b20dc445-8a42-4694-a7e0-c7df549138cc,,2026-02-23 07:00:00
d1a8b431-6475-4e52-80b5-d20c0152c87c,207c3897-054e-4f23-97e3-fa0ce0d1c255,created,{},"{""status"":""pending""}",275eb69c-8a74-4e48-b65f-c9cb96079958,,2026-02-16 00:00:00
f8ccef04-93d9-47a9-860f-e4c62a4d75e2,0afa1808-3e5e-41e7-b2f1-46de039aa371,created,{},"{""status"":""confirmed""}",487d7d66-1fed-41f3-aba1-0d3f281c6fc5,,2026-01-25 01:00:00
63174dc0-02d4-4ea4-a0df-2144e5807de5,bbd3f457-dc94-4caa-9cee-efcac63acec9,created,{},"{""status"":""completed""}",f81b5321-6858-4d52-a4ee-660efcf5ec36,,2026-01-05 01:00:00
535774b5-31d1-49ae-863d-e5b674984518,37e1f074-0933-4f7d-a5d5-96135fe7f76e,created,{},"{""status"":""pending""}",27d56a5c-fb1a-492f-9d4a-8d294aa77209,,2026-02-24 01:00:00
306fd80c-da76-4fad-b12e-9037647c9467,8839b4fd-7ca2-4702-aa92-4435c7647f16,created,{},"{""status"":""pending""}",9ede05ba-e8ba-4e1c-a763-6eb938674bd4,,2025-12-04 07:00:00
9e0cdc75-357f-48b4-8966-212121eea73a,edd3069c-ba35-4800-8311-b3e7d9b9af00,created,{},"{""status"":""completed""}",0daa0cab-5d9e-4dd3-bcd0-512490ea5fa8,,2026-01-14 07:00:00
703a95e1-cf0d-4a9c-9394-002102bf780a,4bbe88d4-aa70-4ff3-bb76-7ca7a951ccd6,created,{},"{""status"":""completed""}",d8ea589b-93d6-4631-aff6-5770dae08f29,,2026-01-21 02:00:00
6521fa36-4df3-49f2-b9c6-6fa575136da9,109e4f47-e818-4f8c-9da9-b17bd5660f29,created,{},"{""status"":""cancelled""}",8603fcc5-9585-4977-9eb7-11aefeddd7f8,,2025-12-17 00:00:00
a290c4f5-6461-464e-b737-40eaa96ef2cd,109e4f47-e818-4f8c-9da9-b17bd5660f29,cancelled,"{""status"":""confirmed""}","{""status"":""cancelled""}",8603fcc5-9585-4977-9eb7-11aefeddd7f8,Customer request,2025-12-18 00:00:00
e6aa7db2-60c9-4c59-a5b7-0c8fd7e146cc,b32d1f26-37fa-4a62-9b35-4946c7ea2fa5,created,{},"{""status"":""completed""}",b71410fd-9181-442e-8b58-c4e20056a4e7,,2025-12-20 00:00:00
c173f6a6-d68c-412b-8198-12c3a1e297ac,8853dbfd-68b6-45b3-aa7e-d4195d13d727,created,{},"{""status"":""cancelled""}",124b8f6b-50bf-4b34-ae21-77650e54e7f4,,2026-02-21 09:00:00
371756e8-d122-4be7-b1e2-bab239b00782,8853dbfd-68b6-45b3-aa7e-d4195d13d727,cancelled,"{""status"":""confirmed""}","{""status"":""cancelled""}",124b8f6b-50bf-4b34-ae21-77650e54e7f4,Customer request,2026-02-22 09:00:00
ff6f570e-c983-4029-82d5-e871f0518fe5,3a767fa8-3ecf-457b-b200-3dda8804629e,created,{},"{""status"":""cancelled""}",79a08445-53a5-4b3b-87ea-eadce504af71,,2025-12-20 07:00:00
bd16e5cb-bc57-4471-a985-fdca9f367131,3a767fa8-3ecf-457b-b200-3dda8804629e,cancelled,"{""status"":""confirmed""}","{""status"":""cancelled""}",79a08445-53a5-4b3b-87ea-eadce504af71,Customer request,2025-12-21 07:00:00
2f7d2561-5d12-494b-8d5d-6bc236631aff,6887f565-9c7d-4f4c-80c4-f018731f2b36,created,{},"{""status"":""confirmed""}",d18aa61b-4a64-45c3-8a7c-904c55d5c0e0,,2026-01-02 01:00:00
3d4b9053-029e-4366-a5a2-6f8060991155,3023c00b-c3b3-4d17-bbf7-4f3d471ae9f2,created,{},"{""status"":""cancelled""}",d8ea589b-93d6-4631-aff6-5770dae08f29,,2026-01-01 04:00:00
899aaf2a-3a71-4cce-8c37-f125a25e0ddc,3023c00b-c3b3-4d17-bbf7-4f3d471ae9f2,cancelled,"{""status"":""confirmed""}","{""status"":""cancelled""}",d8ea589b-93d6-4631-aff6-5770dae08f29,Customer request,2026-01-02 04:00:00
8e955adf-a5bb-4e71-8e52-c92fcfe246a9,956a76cf-8312-4fbf-8ce4-988db80124d1,created,{},"{""status"":""cancelled""}",38c3b73d-5884-4005-9e41-0acc635fefe1,,2025-12-12 00:00:00
b02eafda-0f08-46d2-ac0e-12261c874727,956a76cf-8312-4fbf-8ce4-988db80124d1,cancelled,"{""status"":""confirmed""}","{""status"":""cancelled""}",38c3b73d-5884-4005-9e41-0acc635fefe1,Customer request,2025-12-13 00:00:00
4fd43899-ad31-46c7-9738-3c10b77f28c5,fbcc16a3-6e61-479d-978c-f7b59d72ca50,created,{},"{""status"":""confirmed""}",c1c66332-ddd1-45a8-b977-3e5659f67301,,2026-01-05 02:00:00
d2e9f4ed-7957-4725-86a8-c5d6c2039daa,199f9d7b-ad89-4709-9f99-3115eea2ad7a,created,{},"{""status"":""pending""}",d8ea589b-93d6-4631-aff6-5770dae08f29,,2026-01-14 05:00:00
311236d6-dd96-414e-beca-af9c74f44299,01c56581-d909-4be0-ad49-6fba2f5ecb33,created,{},"{""status"":""cancelled""}",f81b5321-6858-4d52-a4ee-660efcf5ec36,,2026-02-01 11:00:00
5f16b642-8740-4cf6-8f8d-ed039df2f5f1,01c56581-d909-4be0-ad49-6fba2f5ecb33,cancelled,"{""status"":""confirmed""}","{""status"":""cancelled""}",f81b5321-6858-4d52-a4ee-660efcf5ec36,Customer request,2026-02-02 11:00:00
88c1cc12-5a87-4989-8e14-db0d5d10cba9,892a0aad-1c08-4fb0-8110-e0020abe5107,created,{},"{""status"":""completed""}",88b53f5b-4753-43ce-bd42-2f42750d71b6,,2026-02-02 08:00:00
e7f2e071-7b40-4711-8396-cd7745ca7b3d,790963ce-2951-4a78-8641-260f11d88738,created,{},"{""status"":""pending""}",81a62d89-cefb-4134-8651-4e6cb91875f2,,2025-12-23 07:00:00
858188e8-59b8-4d22-8d21-dd81b33c4311,82fa49a6-b0e0-48c5-9017-7bf8041773b3,created,{},"{""status"":""cancelled""}",416d945c-161e-4330-9fea-ae2888ca2120,,2025-12-09 02:00:00
997f5000-6542-45ae-aae9-a67eac1a0359,82fa49a6-b0e0-48c5-9017-7bf8041773b3,cancelled,"{""status"":""confirmed""}","{""status"":""cancelled""}",416d945c-161e-4330-9fea-ae2888ca2120,Customer request,2025-12-10 02:00:00
7f1590fe-9a52-4386-bba3-1b7b12e20db6,3a9e03df-83e5-4eac-b735-9c9003f37c25,created,{},"{""status"":""confirmed""}",c1c66332-ddd1-45a8-b977-3e5659f67301,,2025-12-09 02:00:00
ed11ebeb-3da4-4932-b162-d812c949970f,70723a87-794b-436f-bb67-6eff1159d526,created,{},"{""status"":""confirmed""}",9ede05ba-e8ba-4e1c-a763-6eb938674bd4,,2026-01-07 01:00:00
821d8818-d3ea-46f1-9516-be08d2ef54e6,db4a485a-7e06-4d02-93ae-89925a33065c,created,{},"{""status"":""pending""}",b20dc445-8a42-4694-a7e0-c7df549138cc,,2025-12-29 08:00:00
151cef29-0001-4c77-aa99-63b45b135ed9,c31cbfad-f490-4d07-86d9-e287462bef84,created,{},"{""status"":""cancelled""}",d8ea589b-93d6-4631-aff6-5770dae08f29,,2026-01-04 10:00:00
9848bd66-4c21-4099-9918-586416d46a75,c31cbfad-f490-4d07-86d9-e287462bef84,cancelled,"{""status"":""confirmed""}","{""status"":""cancelled""}",d8ea589b-93d6-4631-aff6-5770dae08f29,Customer request,2026-01-05 10:00:00
fc03126a-f153-44cc-b899-905a075ef9e4,a215fd15-f051-4001-aebf-1b91bb369366,created,{},"{""status"":""completed""}",81a62d89-cefb-4134-8651-4e6cb91875f2,,2026-02-20 06:00:00
3ef15d29-1c4c-434c-abc7-e35faa40f5b0,eb7ef898-85d4-427d-91af-a4d11c5909ee,created,{},"{""status"":""pending""}",79a08445-53a5-4b3b-87ea-eadce504af71,,2025-12-19 03:00:00
823f1704-1910-4716-81f2-4ebc338ab098,11390773-4769-444f-8d40-451dd05c11bb,created,{},"{""status"":""confirmed""}",98e36069-876d-46e3-8430-63300e5e3fd8,,2026-01-19 11:00:00
f739744d-78c7-466a-8df1-a2b9faf0e1e6,69e14a58-9f33-45ad-ac3f-25f757a37c54,created,{},"{""status"":""cancelled""}",7eaadfbb-542e-4d51-9a89-0c83b6938040,,2026-01-22 05:00:00
67bc778b-8a35-4ebd-b01c-cbfd56d1d94f,69e14a58-9f33-45ad-ac3f-25f757a37c54,cancelled,"{""status"":""confirmed""}","{""status"":""cancelled""}",7eaadfbb-542e-4d51-9a89-0c83b6938040,Customer request,2026-01-23 05:00:00
ba605ac2-049e-462e-b692-f0b755b7f92e,3d29bd6c-c06e-4291-af60-9aceff1c6209,created,{},"{""status"":""confirmed""}",1dcaab2a-d207-4cac-9a0f-392124a90fb9,,2026-02-28 00:00:00
4413463b-f1d2-4d62-8f5b-70095ad234f9,7b1f1153-98b3-4f8c-bf19-a321988fdc6d,created,{},"{""status"":""pending""}",9b0c4597-fd6f-43a0-9ea6-c06b5fd716b7,,2026-01-23 05:00:00
92411195-c843-4cc6-bdaa-1b4ad0dde163,36716326-40b0-46f3-b203-d1226ee8d06d,created,{},"{""status"":""pending""}",275eb69c-8a74-4e48-b65f-c9cb96079958,,2026-01-27 09:00:00
a54c6a13-840a-4745-ab72-dccce1167acf,d910c1d0-afc1-4508-b13c-2d3b9e37361e,created,{},"{""status"":""pending""}",3a25ace4-27dc-4619-81e8-0ba15086b640,,2025-12-13 02:00:00
a5b9065c-094c-4485-80a6-c5b274a2286f,15c83269-1689-4b4c-99bc-fba1a6836120,created,{},"{""status"":""completed""}",4f8c0906-f410-4b29-9485-a5a2d0c48fcc,,2026-01-22 10:00:00
977df7a3-0c41-4eaa-ab92-bb4431f3517c,653f2537-e988-4ef8-8d05-4ccc4d30c380,created,{},"{""status"":""completed""}",2e4ec524-24dd-476e-b734-58cebd653129,,2026-02-27 10:00:00
8fb7cb85-7715-42fc-a742-f220fe3cb6cd,bc0a4d9d-de77-4866-9774-f2fbeeee7976,created,{},"{""status"":""cancelled""}",e0fff3da-3342-45cb-9fd4-395ac251b90b,,2026-01-07 01:00:00
1e6fdfeb-564f-487c-8182-acb796776bf1,bc0a4d9d-de77-4866-9774-f2fbeeee7976,cancelled,"{""status"":""confirmed""}","{""status"":""cancelled""}",e0fff3da-3342-45cb-9fd4-395ac251b90b,Customer request,2026-01-08 01:00:00
91de1c0b-51a5-4c14-95f9-eb39fcde708e,7b5310b2-c6d2-4610-9a3c-81bbc99b47fa,created,{},"{""status"":""pending""}",e28da5bd-b8e1-4b86-9961-176a81349070,,2026-02-25 08:00:00
0e6f87a4-6918-4c64-8fc4-20c1ab2ba97f,9e1217b9-fce5-4ec3-ba00-f810758b1b73,created,{},"{""status"":""cancelled""}",792b565d-4d59-4f6c-b8ec-061ac1ea0d5c,,2026-01-24 09:00:00
b1e4c4f6-3728-4124-b68a-2f13613faede,9e1217b9-fce5-4ec3-ba00-f810758b1b73,cancelled,"{""status"":""confirmed""}","{""status"":""cancelled""}",792b565d-4d59-4f6c-b8ec-061ac1ea0d5c,Customer request,2026-01-25 09:00:00
0bfa26cc-debe-4136-91ea-16b814baf6dd,47dc051c-f051-4012-a21f-f731a0ea4dd8,created,{},"{""status"":""cancelled""}",6ef9785c-5af9-478a-98ec-a58ef9b6125c,,2026-01-31 05:00:00
12f16b22-a01d-444a-a8c0-c4338f47210a,47dc051c-f051-4012-a21f-f731a0ea4dd8,cancelled,"{""status"":""confirmed""}","{""status"":""cancelled""}",6ef9785c-5af9-478a-98ec-a58ef9b6125c,Customer request,2026-02-01 05:00:00
167e90b7-cc48-49f2-98db-7268cc868efd,0d0802d4-132f-48f8-b43e-77d357f8c73d,created,{},"{""status"":""completed""}",27d56a5c-fb1a-492f-9d4a-8d294aa77209,,2025-12-31 01:00:00
190b6316-208a-4032-a9b1-8d5d5a3c4ebb,3434ce5b-938d-4904-be01-ff9f03ea00df,created,{},"{""status"":""confirmed""}",7d574358-e456-4bc0-bd6e-737a4e660a59,,2026-03-01 10:00:00
c7f332cb-9399-406a-814d-8ae4d9f1708f,2c6b8c5d-948a-46c1-8803-d0d28f7e3990,created,{},"{""status"":""cancelled""}",9ede05ba-e8ba-4e1c-a763-6eb938674bd4,,2025-12-22 04:00:00
e7272dcd-a7a3-4ebd-8687-559b9d4278d4,2c6b8c5d-948a-46c1-8803-d0d28f7e3990,cancelled,"{""status"":""confirmed""}","{""status"":""cancelled""}",9ede05ba-e8ba-4e1c-a763-6eb938674bd4,Customer request,2025-12-23 04:00:00
7c774062-3ee4-4ca0-b8fe-013f88848866,2f95c29b-a361-4e15-af84-e11426ff5acf,created,{},"{""status"":""completed""}",c062bd5e-32fa-49b5-9c96-20c00f7c0099,,2025-12-25 06:00:00
efde1b3b-8a81-4a3b-b7ad-880d7e0a7c64,9425e053-46bc-478c-a233-89ab158100b0,created,{},"{""status"":""completed""}",c1c66332-ddd1-45a8-b977-3e5659f67301,,2026-02-12 04:00:00
891aef05-5be2-485e-b91e-c86224686cad,21cd9a23-ec17-43ab-bc01-8aeadfd1940f,created,{},"{""status"":""confirmed""}",3a25ace4-27dc-4619-81e8-0ba15086b640,,2026-01-11 11:00:00
be20ae97-58c2-4a33-9cc7-2a1355778e72,e21a8d66-7676-446f-b71d-71375441cd94,created,{},"{""status"":""cancelled""}",d8ea589b-93d6-4631-aff6-5770dae08f29,,2025-12-27 11:00:00
41af9983-83f8-4462-95b8-917927397984,e21a8d66-7676-446f-b71d-71375441cd94,cancelled,"{""status"":""confirmed""}","{""status"":""cancelled""}",d8ea589b-93d6-4631-aff6-5770dae08f29,Customer request,2025-12-28 11:00:00
603a34be-9e5f-47d8-9099-027b3f886dbb,c775338f-6081-4f20-9c23-d0ddfbcd0252,created,{},"{""status"":""confirmed""}",f81b5321-6858-4d52-a4ee-660efcf5ec36,,2026-02-14 11:00:00
bce34686-595c-4765-82f4-6ec8ac391db0,1d09dd5d-a3a0-472c-8ccb-4bdeee07a6d3,created,{},"{""status"":""confirmed""}",8603fcc5-9585-4977-9eb7-11aefeddd7f8,,2026-02-05 00:00:00
d58555b0-315f-48fd-bdee-68fceb27d570,fe4dd746-59bd-45a9-b123-35b6cd1f6c24,created,{},"{""status"":""confirmed""}",88b53f5b-4753-43ce-bd42-2f42750d71b6,,2026-02-02 07:00:00
8f94aecb-86cf-4b84-b6c7-b0260777835d,c3fd5d13-fc01-48b5-aaee-a40c6ca89b31,created,{},"{""status"":""confirmed""}",4f8c0906-f410-4b29-9485-a5a2d0c48fcc,,2025-12-03 11:00:00
233c2b9d-cc1f-4bff-982f-3f22ffecd630,e1a2d1df-35cd-4e9c-89cc-9cede713f290,created,{},"{""status"":""cancelled""}",792b565d-4d59-4f6c-b8ec-061ac1ea0d5c,,2026-01-12 04:00:00
b5587e79-7fe9-4a9b-80ab-6f2e3ad88235,e1a2d1df-35cd-4e9c-89cc-9cede713f290,cancelled,"{""status"":""confirmed""}","{""status"":""cancelled""}",792b565d-4d59-4f6c-b8ec-061ac1ea0d5c,Customer request,2026-01-13 04:00:00
71858d60-8bf3-4ecd-9b6a-ead2e83b6cac,bad2a435-7a19-46ef-badd-df2556c01428,created,{},"{""status"":""completed""}",52efba3d-138f-4b14-b601-2b6af84884d7,,2026-01-16 09:00:00
87efa407-f191-40f7-8d0b-40b13053de1e,d3bc9438-5506-4b15-a1b9-8934cec5f255,created,{},"{""status"":""completed""}",98e36069-876d-46e3-8430-63300e5e3fd8,,2026-02-14 02:00:00
b8bd8670-eac7-4205-bee2-eb2e89afd87b,2afed58b-b9f4-4a46-8c91-545a6dfe937d,created,{},"{""status"":""pending""}",98e36069-876d-46e3-8430-63300e5e3fd8,,2026-02-01 07:00:00
1cb0557c-aac8-4ebf-8486-7b80c7fae1dd,3b594d1e-4fda-4857-89a7-d505dc5c442c,created,{},"{""status"":""pending""}",7b6069ec-5dad-4166-8a29-6d773bffd2cb,,2026-03-01 11:00:00
c19d214f-cdbf-4986-aac7-ec19454d0ab0,b16969e2-0007-46ad-9af4-3d123888abfd,created,{},"{""status"":""confirmed""}",0daa0cab-5d9e-4dd3-bcd0-512490ea5fa8,,2026-02-10 02:00:00
e7d0b9a8-b77a-4d21-8108-15a81f0bfa96,9a9170a5-6caf-4f84-bd8b-1ed7df889694,created,{},"{""status"":""cancelled""}",52efba3d-138f-4b14-b601-2b6af84884d7,,2026-01-01 04:00:00
26550dbc-b80b-4b46-bc56-cc51cefb0060,9a9170a5-6caf-4f84-bd8b-1ed7df889694,cancelled,"{""status"":""confirmed""}","{""status"":""cancelled""}",52efba3d-138f-4b14-b601-2b6af84884d7,Customer request,2026-01-02 04:00:00
3b5272c2-067e-403b-a532-329b05adb23b,43071274-ecdc-4e2b-8674-20710efaafad,created,{},"{""status"":""confirmed""}",551b8471-c83b-43bc-a31e-1138813257e1,,2026-02-12 10:00:00
e43d95b3-bca1-4aa3-82b0-d73f37c93221,240d5d0e-6f8f-4f77-8087-0ba7393bde34,created,{},"{""status"":""confirmed""}",73c14063-593f-4f70-bc89-91226848617a,,2026-01-04 00:00:00
440f009c-842d-4331-abfe-5dd77b335d32,2ba493fb-7638-4ed0-b380-9ab64644f5bb,created,{},"{""status"":""completed""}",4f8c0906-f410-4b29-9485-a5a2d0c48fcc,,2026-01-18 00:00:00
748b1132-11b8-45b2-b987-23012c465f5a,099a2be9-f0a7-435e-aeee-c0338652de56,created,{},"{""status"":""completed""}",79a08445-53a5-4b3b-87ea-eadce504af71,,2025-12-12 02:00:00
732d18fa-73e4-402f-95d3-0fa1e73f4114,5e092eb2-60e6-481f-881f-7d1e8efe8167,created,{},"{""status"":""confirmed""}",c062bd5e-32fa-49b5-9c96-20c00f7c0099,,2026-02-25 11:00:00
1f29c03c-f33d-4dc4-af65-e328be074a25,6a60a89d-3d05-43a6-b221-affd6b2dd349,created,{},"{""status"":""pending""}",e0fff3da-3342-45cb-9fd4-395ac251b90b,,2026-02-25 10:00:00
aaf63ce9-90f9-421c-bdce-008d2f9a4b32,39f48ff6-0b8a-429a-bc33-599cd7b3eaa5,created,{},"{""status"":""cancelled""}",e28da5bd-b8e1-4b86-9961-176a81349070,,2025-12-03 02:00:00
481fe309-664c-4f6a-9473-3595def52e37,39f48ff6-0b8a-429a-bc33-599cd7b3eaa5,cancelled,"{""status"":""confirmed""}","{""status"":""cancelled""}",e28da5bd-b8e1-4b86-9961-176a81349070,Customer request,2025-12-04 02:00:00
cba1f832-99eb-4349-b604-9c993f8e503b,86b73ed8-4c88-4eb3-bbc2-36d5e2d66558,created,{},"{""status"":""cancelled""}",88b53f5b-4753-43ce-bd42-2f42750d71b6,,2025-12-31 02:00:00
9c0e0755-52a2-4da4-bc41-d2929a4dc6b6,86b73ed8-4c88-4eb3-bbc2-36d5e2d66558,cancelled,"{""status"":""confirmed""}","{""status"":""cancelled""}",88b53f5b-4753-43ce-bd42-2f42750d71b6,Customer request,2026-01-01 02:00:00
d21b1801-c485-43c2-a339-2b4abc1cf970,c30729ea-ae58-4130-99d9-c63a50b4e6d8,created,{},"{""status"":""pending""}",d8ea589b-93d6-4631-aff6-5770dae08f29,,2025-12-07 03:00:00
ea70d28b-eb1a-49dd-971e-244e63fd4d68,ed0aa107-220e-4e77-9845-bba831981a96,created,{},"{""status"":""cancelled""}",1479df99-4ca4-4073-8292-9eee9298a5f6,,2026-01-22 03:00:00
d51de94e-93e3-4313-a892-fce76874fe9e,ed0aa107-220e-4e77-9845-bba831981a96,cancelled,"{""status"":""confirmed""}","{""status"":""cancelled""}",1479df99-4ca4-4073-8292-9eee9298a5f6,Customer request,2026-01-23 03:00:00
baeaa937-2cb1-446a-9e63-1625fe1f8640,0cbb63e9-1992-481b-aad6-b84fcef78618,created,{},"{""status"":""cancelled""}",88b53f5b-4753-43ce-bd42-2f42750d71b6,,2025-12-09 05:00:00
9816fd5d-8983-4f35-8809-20b97cc8bd31,0cbb63e9-1992-481b-aad6-b84fcef78618,cancelled,"{""status"":""confirmed""}","{""status"":""cancelled""}",88b53f5b-4753-43ce-bd42-2f42750d71b6,Customer request,2025-12-10 05:00:00
a3336721-28c3-49e2-8792-54a80f3f988c,0eb7717f-fde1-4608-8f51-1d70c25cce08,created,{},"{""status"":""confirmed""}",ff932d57-d80e-47b8-8890-1bc4be34f16f,,2026-02-09 07:00:00
1e713166-83f4-4628-855f-95ed988cf237,0e79aecb-e87f-40e4-b7b5-fc6b015f35fb,created,{},"{""status"":""cancelled""}",7b6069ec-5dad-4166-8a29-6d773bffd2cb,,2026-01-22 10:00:00
0adfa547-21c1-49d9-96f4-3d7e51ee4f81,0e79aecb-e87f-40e4-b7b5-fc6b015f35fb,cancelled,"{""status"":""confirmed""}","{""status"":""cancelled""}",7b6069ec-5dad-4166-8a29-6d773bffd2cb,Customer request,2026-01-23 10:00:00
4c922329-27cb-452d-8f1c-6a69956afb12,dfa340d8-c376-4d9f-8e38-1deda23def8b,created,{},"{""status"":""completed""}",551b8471-c83b-43bc-a31e-1138813257e1,,2026-01-05 04:00:00
c883ac20-fa49-4da0-bf5a-e0bfe80443bd,79597918-511f-4cec-ba23-7e27a9b57e1a,created,{},"{""status"":""cancelled""}",9ede05ba-e8ba-4e1c-a763-6eb938674bd4,,2026-02-24 04:00:00
409adb13-5003-429c-ab3a-5b197e1c5b8b,79597918-511f-4cec-ba23-7e27a9b57e1a,cancelled,"{""status"":""confirmed""}","{""status"":""cancelled""}",9ede05ba-e8ba-4e1c-a763-6eb938674bd4,Customer request,2026-02-25 04:00:00
9b59eea6-5cbd-436b-90fc-f0d9470a0bd6,47f5915e-e311-46dd-a0a8-89158a9b67d5,created,{},"{""status"":""confirmed""}",73c14063-593f-4f70-bc89-91226848617a,,2025-12-30 06:00:00
119a0533-7316-4782-98bb-e73aabb07526,ea183a7e-5d84-4159-a285-984d4a995e35,created,{},"{""status"":""confirmed""}",2312613b-91cc-4f99-95dd-dda6820a8e5a,,2026-01-10 00:00:00
1f921427-db66-4be6-ad1d-f32d49663476,e066b29f-1818-4dc6-bd71-82a3779a9a4c,created,{},"{""status"":""pending""}",f0af63da-b9a1-4cad-ab3a-cd733e31c40b,,2025-12-08 06:00:00
d550f5e5-d8e3-435a-98d4-d0d93220eaf6,9330e130-ad88-40e2-93d1-99f4afe80a17,created,{},"{""status"":""pending""}",bc6bd127-3308-476a-80ed-112502e08028,,2026-02-16 09:00:00
678cc2eb-a034-49de-b79d-ff5a8d3656b8,04308660-47c2-40a9-9c77-68b01d435332,created,{},"{""status"":""pending""}",d18aa61b-4a64-45c3-8a7c-904c55d5c0e0,,2026-01-30 03:00:00
6c89b9f8-b058-4b0c-93bf-19192c08cacf,4f4e21ea-11be-47e2-87d7-27ad357944f3,created,{},"{""status"":""completed""}",b20dc445-8a42-4694-a7e0-c7df549138cc,,2025-12-28 11:00:00
505c646d-a735-4504-ad00-fc5676bf50b0,50fa0626-f6c1-45ab-be43-24ee2e66266f,created,{},"{""status"":""confirmed""}",98e36069-876d-46e3-8430-63300e5e3fd8,,2026-02-23 09:00:00
19ce5229-9258-438b-bec1-65eeca965ed3,647e5265-7578-464f-8f8c-0fec4c3e38e9,created,{},"{""status"":""cancelled""}",6ef9785c-5af9-478a-98ec-a58ef9b6125c,,2026-01-01 05:00:00
2009a11f-4244-4d20-a171-e901e1cff106,647e5265-7578-464f-8f8c-0fec4c3e38e9,cancelled,"{""status"":""confirmed""}","{""status"":""cancelled""}",6ef9785c-5af9-478a-98ec-a58ef9b6125c,Customer request,2026-01-02 05:00:00
67a636c5-e4e4-4a33-a0b9-b214428066d7,b946ad72-eafa-4966-8b25-16b6477f8334,created,{},"{""status"":""confirmed""}",4f8c0906-f410-4b29-9485-a5a2d0c48fcc,,2026-01-07 05:00:00
f1780144-7dd3-4e55-b41a-9e31432c4404,94e01b0c-7e25-40d7-9af0-15958111bd2f,created,{},"{""status"":""confirmed""}",7d574358-e456-4bc0-bd6e-737a4e660a59,,2026-02-10 01:00:00
ae68fab6-eaa8-4305-b8f5-bf2a2489a385,3e1134c9-0c2e-44fb-8944-12e918753b79,created,{},"{""status"":""cancelled""}",235316ca-fcdd-4bd5-950f-d33a1f6c303c,,2025-12-11 03:00:00
3b6d7d50-17bc-4ba9-9b97-6c4735ec295c,3e1134c9-0c2e-44fb-8944-12e918753b79,cancelled,"{""status"":""confirmed""}","{""status"":""cancelled""}",235316ca-fcdd-4bd5-950f-d33a1f6c303c,Customer request,2025-12-12 03:00:00
a49367ac-4f6e-4d86-92ac-965735a4a07a,d84e2252-3977-45de-9d1c-5256839ca767,created,{},"{""status"":""completed""}",551b8471-c83b-43bc-a31e-1138813257e1,,2026-01-01 00:00:00
47d0c555-aca0-4951-bdca-483381b1dc7a,77c34ac5-f55d-46d2-a31f-aece01118353,created,{},"{""status"":""confirmed""}",792b565d-4d59-4f6c-b8ec-061ac1ea0d5c,,2026-03-01 10:00:00
e186fa84-6435-4846-8c80-38a242f64342,e1c06b76-b516-4446-b256-4aab39371426,created,{},"{""status"":""cancelled""}",85611826-d88a-4abf-8a9f-807d603e3342,,2026-01-11 04:00:00
484a132f-e37d-4f63-9126-6ea6cd8eb8e5,e1c06b76-b516-4446-b256-4aab39371426,cancelled,"{""status"":""confirmed""}","{""status"":""cancelled""}",85611826-d88a-4abf-8a9f-807d603e3342,Customer request,2026-01-12 04:00:00
4a841482-f1df-4e6b-8a1f-b7a3d058220c,e1a8f1ae-1bd8-45af-acaf-ba533c443b37,created,{},"{""status"":""cancelled""}",487d7d66-1fed-41f3-aba1-0d3f281c6fc5,,2026-01-24 02:00:00
49fa3816-5199-49a3-bb1c-ad55b34526b0,e1a8f1ae-1bd8-45af-acaf-ba533c443b37,cancelled,"{""status"":""confirmed""}","{""status"":""cancelled""}",487d7d66-1fed-41f3-aba1-0d3f281c6fc5,Customer request,2026-01-25 02:00:00
3c23a41b-d353-406c-bc82-ccb95467827a,48ebcf35-df16-497c-ae4c-06e11bf41043,created,{},"{""status"":""completed""}",c1c66332-ddd1-45a8-b977-3e5659f67301,,2026-02-03 08:00:00
2aaa5ac2-5c97-412e-9ec1-0ef6b931f1fc,053d7031-dcf6-4996-ae32-6b0273bcb3ad,created,{},"{""status"":""pending""}",8603fcc5-9585-4977-9eb7-11aefeddd7f8,,2026-01-24 07:00:00
c70c9b65-ca07-4b13-9b65-25e2233ca4d2,2b8cc7e7-7f85-4d63-999b-dac0cb26e42e,created,{},"{""status"":""pending""}",f81b5321-6858-4d52-a4ee-660efcf5ec36,,2026-02-16 01:00:00
7dbe4401-4ee0-4ddb-b8e7-25b862130613,b3b0cdd4-c543-4184-98c9-930ce28ba6a3,created,{},"{""status"":""confirmed""}",ebef547f-47ba-4714-9089-09d0de16512d,,2026-01-10 01:00:00