id,branch_id,name,description,icon_name,created_at,updated_at,created_by,updated_by,deleted_at
1398a1c5-ca38-4578-9c08-d937bccafe43,339f4ea2-2c5d-4bc4-a1aa-c3783ffe7fea,Parking,Parking available at this location,parking,2024-01-02 00:00:00,2024-01-02 00:00:00,,,
6f474be4-32d1-47ef-8f60-c91d20a926eb,339f4ea2-2c5d-4bc4-a1aa-c3783ffe7fea,Locker Room,Locker Room available at this location,locker_room,2024-01-02 00:00:00,2024-01-02 00:00:00,,,
6a8c8f58-2389-47a7-905d-4964c64dc3c3,339f4ea2-2c5d-4bc4-a1aa-c3783ffe7fea,Pro Shop,Pro Shop available at this location,pro_shop,2024-01-02 00:00:00,2024-01-02 00:00:00,,,
5fc84d83-c8b5-46df-b102-bb3d1d059c21,6f996f5c-9b87-401f-b8e3-3f3286a589f4,Parking,Parking available at this location,parking,2024-01-02 00:00:00,2024-01-02 00:00:00,,,
8eca3321-2d33-4fb6-a6b3-f9412048c6f6,6f996f5c-9b87-401f-b8e3-3f3286a589f4,Locker Room,Locker Room available at this location,locker_room,2024-01-02 00:00:00,2024-01-02 00:00:00,,,
0e2534a1-87b4-4e1a-a12a-65f9935206a0,6f996f5c-9b87-401f-b8e3-3f3286a589f4,Pro Shop,Pro Shop available at this location,pro_shop,2024-01-02 00:00:00,2024-01-02 00:00:00,,,
c20ab916-4877-4607-ad04-03568406463d,6f996f5c-9b87-401f-b8e3-3f3286a589f4,Cafe,Cafe available at this location,cafe,2024-01-02 00:00:00,2024-01-02 00:00:00,,,
3d69ac8d-1f67-4555-b5f4-89b7824ac7b7,eab23b60-2e47-4b22-a9ad-61036724db86,Parking,Parking available at this location,parking,2024-01-03 00:00:00,2024-01-03 00:00:00,,,
81907217-8c4b-4e45-b7cb-91d3d364f720,eab23b60-2e47-4b22-a9ad-61036724db86,Locker Room,Locker Room available at this location,locker_room,2024-01-03 00:00:00,2024-01-03 00:00:00,,,
838ba57a-a9d4-411d-9881-389f31e3dfc9,eab23b60-2e47-4b22-a9ad-61036724db86,Pro Shop,Pro Shop available at this location,pro_shop,2024-01-03 00:00:00,2024-01-03 00:00:00,,,
881d41e6-1634-400d-80e1-6d5b9414ae9b,b7871655-3ad6-4a91-9122-c40bf86ce57a,Parking,Parking available at this location,parking,2024-01-03 00:00:00,2024-01-03 00:00:00,,,
11f81a1c-d6c3-4a09-9d2d-0ee8171cb5c8,b7871655-3ad6-4a91-9122-c40bf86ce57a,Locker Room,Locker Room available at this location,locker_room,2024-01-03 00:00:00,2024-01-03 00:00:00,,,
d17bc4f3-99ab-4b95-ba21-830ae78bfc3a,b7871655-3ad6-4a91-9122-c40bf86ce57a,Pro Shop,Pro Shop available at this location,pro_shop,2024-01-03 00:00:00,2024-01-03 00:00:00,,,
cadaeea8-b2f4-4ce5-a148-47cb9f5b441f,b7871655-3ad6-4a91-9122-c40bf86ce57a,Cafe,Cafe available at this location,cafe,2024-01-03 00:00:00,2024-01-03 00:00:00,,,
c87732e9-bea4-4413-b5d5-f68440a2c5c7,9482d0c5-1d4c-4189-8c98-45deba4320da,Parking,Parking available at this location,parking,2024-01-03 00:00:00,2024-01-03 00:00:00,,,
091eaffd-3985-4dad-a2d1-864996d3c003,9482d0c5-1d4c-4189-8c98-45deba4320da,Locker Room,Locker Room available at this location,locker_room,2024-01-03 00:00:00,2024-01-03 00:00:00,,,
62de021a-15b0-44c9-a2a5-c2d66489acc6,9482d0c5-1d4c-4189-8c98-45deba4320da,Pro Shop,Pro Shop available at this location,pro_shop,2024-01-03 00:00:00,2024-01-03 00:00:00,,,
9e4882b3-7cf6-42c0-a850-daad28ee4009,9482d0c5-1d4c-4189-8c98-45deba4320da,Cafe,Cafe available at this location,cafe,2024-01-03 00:00:00,2024-01-03 00:00:00,,,
57ad58f8-6add-44a2-a850-72218bfb6382,9482d0c5-1d4c-4189-8c98-45deba4320da,WiFi,WiFi available at this location,wifi,2024-01-03 00:00:00,2024-01-03 00:00:00,,,
c6c6efd7-c40d-40b6-85b5-b1821e21c794,32854e5d-bab8-41b7-9b33-13bcf30260cf,Parking,Parking available at this location,parking,2024-01-04 00:00:00,2024-01-04 00:00:00,,,
31e259ed-26c4-4819-9417-9adb480766b4,32854e5d-bab8-41b7-9b33-13bcf30260cf,Locker Room,Locker Room available at this location,locker_room,2024-01-04 00:00:00,2024-01-04 00:00:00,,,
e820d175-406b-4749-838c-de4f7fbd3b41,32854e5d-bab8-41b7-9b33-13bcf30260cf,Pro Shop,Pro Shop available at this location,pro_shop,2024-01-04 00:00:00,2024-01-04 00:00:00,,,
74d333b7-3c73-4f1a-b0ac-80c2da3a289b,b200245d-aec6-421e-83b7-9f2968e76d78,Parking,Parking available at this location,parking,2024-01-04 00:00:00,2024-01-04 00:00:00,,,
f9595c96-7eaa-47a6-a95e-14594c478420,b200245d-aec6-421e-83b7-9f2968e76d78,Locker Room,Locker Room available at this location,locker_room,2024-01-04 00:00:00,2024-01-04 00:00:00,,,
a1817fc9-72f9-4a21-a10a-6da3ecf3add8,b200245d-aec6-421e-83b7-9f2968e76d78,Pro Shop,Pro Shop available at this location,pro_shop,2024-01-04 00:00:00,2024-01-04 00:00:00,,,
8e58d03c-59a1-40a8-8089-be0193f5a19d,b200245d-aec6-421e-83b7-9f2968e76d78,Cafe,Cafe available at this location,cafe,2024-01-04 00:00:00,2024-01-04 00:00:00,,,
42d11fb8-861b-42f4-9dd7-0aca821082da,0c0c761a-4d95-4133-937b-ebc79f524919,Parking,Parking available at this location,parking,2024-01-04 00:00:00,2024-01-04 00:00:00,,,
9d60fc20-d993-4b9b-8e5d-1fb245c48261,0c0c761a-4d95-4133-937b-ebc79f524919,Locker Room,Locker Room available at this location,locker_room,2024-01-04 00:00:00,2024-01-04 00:00:00,,,
561ae812-3363-4d4a-a28d-cefd48aa70b9,0c0c761a-4d95-4133-937b-ebc79f524919,Pro Shop,Pro Shop available at this location,pro_shop,2024-01-04 00:00:00,2024-01-04 00:00:00,,,
12b13a5c-77f6-412e-bda3-5150cfc9957d,0c0c761a-4d95-4133-937b-ebc79f524919,Cafe,Cafe available at this location,cafe,2024-01-04 00:00:00,2024-01-04 00:00:00,,,
e8a1ac15-ddad-4850-b641-a9bf34278720,0c0c761a-4d95-4133-937b-ebc79f524919,WiFi,WiFi available at this location,wifi,2024-01-04 00:00:00,2024-01-04 00:00:00,,,
e4930f56-3115-4510-8ddd-94135091e8cc,99ab617a-c78e-49ed-9ed9-9395d5dba4b5,Parking,Parking available at this location,parking,2024-01-04 00:00:00,2024-01-04 00:00:00,,,
e69cb668-4bfc-4210-8ab7-003f44535619,99ab617a-c78e-49ed-9ed9-9395d5dba4b5,Locker Room,Locker Room available at this location,locker_room,2024-01-04 00:00:00,2024-01-04 00:00:00,,,
2cb1ca0f-f8f8-4c1a-8f42-7537e936f22e,99ab617a-c78e-49ed-9ed9-9395d5dba4b5,Pro Shop,Pro Shop available at this location,pro_shop,2024-01-04 00:00:00,2024-01-04 00:00:00,,,
78e0f02d-fb09-4bc8-a026-36f6cd5895c9,77924470-8f96-4bbf-9117-47e749386a7c,Parking,Parking available at this location,parking,2024-01-05 00:00:00,2024-01-05 00:00:00,,,
c0438885-ef4c-40b1-8395-37fdfc49ac0a,77924470-8f96-4bbf-9117-47e749386a7c,Locker Room,Locker Room available at this location,locker_room,2024-01-05 00:00:00,2024-01-05 00:00:00,,,
770de316-6f9a-40b9-9862-456d589af55a,77924470-8f96-4bbf-9117-47e749386a7c,Pro Shop,Pro Shop available at this location,pro_shop,2024-01-05 00:00:00,2024-01-05 00:00:00,,,
090dcc8f-b7dd-4851-ab68-7934a603b4da,807b3d73-be68-42e0-9062-4d4cc0d226f4,Parking,Parking available at this location,parking,2024-01-05 00:00:00,2024-01-05 00:00:00,,,
c39b7790-5ea6-4030-9f33-4f69c55cc088,807b3d73-be68-42e0-9062-4d4cc0d226f4,Locker Room,Locker Room available at this location,locker_room,2024-01-05 00:00:00,2024-01-05 00:00:00,,,
ec41e80b-109f-4e6e-90bf-a2bab8ab47d0,807b3d73-be68-42e0-9062-4d4cc0d226f4,Pro Shop,Pro Shop available at this location,pro_shop,2024-01-05 00:00:00,2024-01-05 00:00:00,,,
a6ab5fd6-2f73-4f2b-aa66-ad87c7e98b66,807b3d73-be68-42e0-9062-4d4cc0d226f4,Cafe,Cafe available at this location,cafe,2024-01-05 00:00:00,2024-01-05 00:00:00,,,
fef7cbc5-1669-470d-b6cd-d5d94706c322,25b3e878-5f5e-4b2e-a404-a7eb2507e407,Parking,Parking available at this location,parking,2024-01-06 00:00:00,2024-01-06 00:00:00,,,
9acd8454-5a7d-416d-8311-e2f3979a343f,25b3e878-5f5e-4b2e-a404-a7eb2507e407,Locker Room,Locker Room available at this location,locker_room,2024-01-06 00:00:00,2024-01-06 00:00:00,,,
7b95bba8-7670-4e10-be35-c5670dcdead1,25b3e878-5f5e-4b2e-a404-a7eb2507e407,Pro Shop,Pro Shop available at this location,pro_shop,2024-01-06 00:00:00,2024-01-06 00:00:00,,,
4dfd6b77-7319-47fc-b300-654742c57a11,3b4fbdf4-13aa-4f83-8d90-3562412f43b1,Parking,Parking available at this location,parking,2024-01-06 00:00:00,2024-01-06 00:00:00,,,
9db5a187-a3be-44ed-a92b-55c3817899d4,3b4fbdf4-13aa-4f83-8d90-3562412f43b1,Locker Room,Locker Room available at this location,locker_room,2024-01-06 00:00:00,2024-01-06 00:00:00,,,
07e349d0-0300-4d52-992b-77f9d9864c38,3b4fbdf4-13aa-4f83-8d90-3562412f43b1,Pro Shop,Pro Shop available at this location,pro_shop,2024-01-06 00:00:00,2024-01-06 00:00:00,,,
43a33da3-6e1f-4579-9b46-f788a4439c44,3b4fbdf4-13aa-4f83-8d90-3562412f43b1,Cafe,Cafe available at this location,cafe,2024-01-06 00:00:00,2024-01-06 00:00:00,,,
3b839bd0-dae9-4f57-900a-fb86b8c6976f,86cbbf39-d3e3-4bee-ada9-0fa567bf5987,Parking,Parking available at this location,parking,2024-01-06 00:00:00,2024-01-06 00:00:00,,,
39dc0e14-a951-41d0-bc2e-0c474ca0050a,86cbbf39-d3e3-4bee-ada9-0fa567bf5987,Locker Room,Locker Room available at this location,locker_room,2024-01-06 00:00:00,2024-01-06 00:00:00,,,
2de21cf7-aa79-424f-bbf1-cf91f5d48919,86cbbf39-d3e3-4bee-ada9-0fa567bf5987,Pro Shop,Pro Shop available at this location,pro_shop,2024-01-06 00:00:00,2024-01-06 00:00:00,,,
9a4a0d0a-984e-4e0f-abcd-5c1ad18bfb90,86cbbf39-d3e3-4bee-ada9-0fa567bf5987,Cafe,Cafe available at this location,cafe,2024-01-06 00:00:00,2024-01-06 00:00:00,,,
45d138c7-7b84-4fcd-9b49-970a7db06b71,86cbbf39-d3e3-4bee-ada9-0fa567bf5987,WiFi,WiFi available at this location,wifi,2024-01-06 00:00:00,2024-01-06 00:00:00,,,